title,cook_time,ingredients,image,description,tag
Сырники из творога с мукой на сковороде,45 мин,"Творог - 400 гр, Яйца - 1 шт., Сахар - 2 стол.л., Соль -  по вкусу, Ванильный сахар - 5 гр, Пшеничная мука - 40 гр, Растительное масло - 2 стол.л.",syrniki-iz-tvoroga-s-mukoi-na-skovorode_1613887382_11_max.jpg,"Наивкуснейшие, пышные, простые! Полезный завтрак для всех! Сырники из творога с мукой на сковороде содержат мало муки, что делает их чрезвычайно нежными, мягкими, воздушными. Их можно не только жарить, но и запекать в духовке. На скорую руку, доступные продукты, бесподобный вкус - ваше идеальное утро!ЮлияАвтор","Завтрак,zavtrak"
Кабачки в муке на сковороде кружочками,30 мин,"Кабачки - 300 гр, Петрушка - 30 гр, Растительное масло - 2 стол.л., Соль -  по вкусу, Пшеничная мука - 50 гр",kabachki-v-muke-na-skovorode_1615649164_11_max.jpg,"На скорую руку, очень просто, очень вкусно, на каждый день! Кабачки в муке на сковороде можно готовить на перекус, на закуску и на гарнир. Они подходят для завтрака и для ужина, хорошо сочетаются с чесноком, сыром, помидорами, другими овощами и мясом. Проще простого!МарияАвтор","Завтрак,zavtrak"
Лаваш с яйцом на сковороде,30 мин,"Лаваш тонкий - 100 гр, Яйца - 1 шт., Сливочное масло - 20 гр, Вода - 200 мл, Соль - 0.5 чайн.л.",lavash-jarenyi-s-yaicom_1613392665_13_max.jpg,"Простой, быстрый и очень вкусный завтрак на каждый день! Лаваш с яйцом на сковороде понравится всем любителям утренних блюд на скорую руку из простых продуктов. Его можно дополнять чем угодно: сыром, грибами, овощами, колбасой, ветчиной, беконом, зеленью. Он хорош на перекус, к завтраку и к ужину.UnicornSteakАвтор","Завтрак,zavtrak"
Оладьи на кефире на сковороде пышные,30 мин,"Кефир - 250 гр, Яйца - 1 шт., Сахар - 2 стол.л., Пшеничная мука - 220 гр, Сода - 0.3 чайн.л., Соль -  по вкусу, Растительное масло - 50 гр",oladi-na-kefire-na-skovorode-pyshnye_1635783767_7_max.jpg,"Лучший способ начать день с удовольствием! С этим блюдом справится абсолютно любой, даже неопытный кулинар. Побалуйте семью вкусной утренней выпечкой. Универсальное угощение: можно подать с вареньем, сметаной или медом. Дети обожают их за мягкость, а взрослые – за ностальгический вкус.Юлия МАвтор","Завтрак,zavtrak"
Блины на молоке тонкие с дырочками,1 ч,"Молоко - 500 мл, Яйца - 2 шт., Пшеничная мука - 160 гр, Сахар - 2 стол.л., Растительное масло - 70 гр, Сода - 0.5 чайн.л., Уксус - 1 стол.л., Соль -  по вкусу",bliny-na-moloke-tonkie-s-dyrochkami_1626676359_11_max.jpg,"Вкусные, румяные, из обычных продуктов, на завтрак! Блины на молоке тонкие с дырочками пожарить не сложнее, чем любые другие. Такие блинчики хороши с начинкой и без. Можете делать их сладкими и несладкими, подавать с разными соусами.Юлия МАвтор","Завтрак,zavtrak"
Творог с яйцом завтрак ПП за 5 минут,5 мин,"Творог - 200 гр, Яйца - 2 шт., Сахар - 1 стол.л., Пшеничная мука - 2 чайн.л., Изюм - 1 стол.л., Вода - 2 стол.л.",tvorog-s-yaicom-zavtrak-pp-za-5-minut_1659036301_11_max.jpg,"Полезное и вкусное начало дня! Быстро и просто! Творог с яйцом на завтрак ПП готовится в микроволновке за 5 минут. Этот рецепт – палочка-выручалочка при недостатке времени. Питательная, сбалансированная по составу нежная творожная запеканка зарядит организм здоровой энергией на весь день.ЮлияАвтор","Завтрак,zavtrak"
Панкейки на кефире пышные,30 мин,"Кефир - 0.5 л, Яйца - 2 шт., Пшеничная мука - 300 гр, Сахар - 2 стол.л., Сливочное масло - 70 гр, Сода - 1 чайн.л., Соль - 0.5 чайн.л.",pankeiki-na-kefire-pyshnye_1613548934_18_max.jpg,"Аппетитные и очень вкусные блины к завтраку на каждый день! Пышные панкейки на кефире можно приготовить с самого утра быстро и просто. Они хороши и в горячем, и в теплом виде. Берите их с собой на работу, в школу, подавайте с разными соусами, сметаной, сиропом, кремом - они хороши с кофе, чаем и сами по себе!katushafinАвтор","Завтрак,zavtrak"
Кабачки тушеные в сметане с чесноком,20 мин,"Кабачки - 700 гр, Сметана - 180 гр, Оливковое масло - 2 стол.л., Соль -  по вкусу, Перец черный молотый -  по вкусу, Чеснок - 1 зубч.",kabachki-tushenje-v-smetane_1618467533_11_max.jpg,"Полезные, нежные, диетические! Из бюджетных продуктов! Кабачки, тушенные в сметане, готовятся не более 20 минут. Это низкокалорийное блюдо можно подать самостоятельно или как легкий гарнир. Без специй оно отлично подойдет для диетического меню. Очень просто, очень быстро, полезно и вкусно!ЮлияАвтор","Завтрак,zavtrak"
Классическая запеканка из творога с изюмом в духовке,1 ч,"Творог - 1 кг, Яйца - 5 шт., Сахар - 180 гр, Пшеничная мука - 5 стол.л., Лимонная цедра - 2 стол.л., Сметана - 200 гр, Изюм - 100 гр, Разрыхлитель - 0.5 чайн.л., Растительное масло - 1 стол.л.",klassicheskaya-zapekanka-iz-tvoroga-v-duxovke_1637897462_0_max.jpg,"Простой и вкусный, на завтрак и не только для детей. Классическую запеканку из творога с изюмом в духовке приготовить совсем несложно. Такую запеканку подают в детском садике. Сметана делает структуру блюда более однородной. Особенно вкусно получается, если добавить немного изюма или кураги.Юлия МАвтор","Завтрак,zavtrak"
Омлет в духовке с молоком пышный как в детском саду,50 мин,"Яйца - 4 шт., Молоко - 200 мл, Сливочное масло - 1 стол.л., Растительное масло - 1 чайн.л., Соль - 0.25 чайн.л.",pyshnyi-omlet-s-molokom-v-duxovke_1613975591_11_max.jpg,"Вкуснейший, простой, самый лучший завтрак на каждый день! Пышный омлет в духовке с молоком как в детском саду - очень вкусное блюдо, идеальное для ребенка и взрослого. Из обычных продуктов, которые есть на каждой кухне, приготовить его может даже начинающая хозяйка. Дополняйте овощами или ешьте просто так.МарияАвтор","Завтрак,zavtrak"
Ленивые хачапури с сыром на сковороде на кефире,20 мин,"Пшеничная мука - 50 гр, Кефир - 100 мл, Яйца - 1 шт., Сливочное масло - 15 гр, Сыр любой - 100 гр",lenivye-xachapuri-s-syrom-na-skovorode-na-kefire_1674489830_1_max.jpg,"Быстро, вкусно, просто, недорого и сытно! Эти ленивые хачапури с сыром на сковороде на кефире можно сделать прямо к завтраку. На это у вас уйдет от силы 20 минут. Они хороши с кофе и чаем. А еще их можно подавать к любым вторым блюдам!katushafinАвтор","Завтрак,zavtrak"
Яичница глазунья,15 мин,"Яйца - 3 шт., Сливочное масло - 25 гр, Соль -  по вкусу, Хлеб - 60 гр, Помидоры черри - 50 гр, Петрушка -  по вкусу",yaichnica-glazunya_1611857412_7_max.jpg,"Белковый завтрак красиво быстро и полезно! Как пожарить яичницу глазунью, чтобы желток сохранил яркий желтый цвет, не растекся и не затянулся сверху белесой пленкой? Все секреты правильной яичницы мы расскажем в этом рецепте. С нашими советами блюдо получится с первого раза.МарияАвтор","Завтрак,zavtrak"
Как правильно варить кофе в турке,10 мин,"Кофе молотый - 2 чайн.л., Вода - 120 мл, Коричневый сахар - 1 чайн.л., Соль -  по вкусу",kak-pravilno-varit-kofe-v-turke_1613478448_12_max.jpg,"Бесподобно вкусный, самый лучший, с секретным ингредиентом! Как варить кофе в турке? Есть несколько важных нюансов, которые помогут вам получить идеальный напиток. Правильный сорт кофе, нужные продукты в составе, классическая технология варки и такая же подача - все имеет значение!katushafinАвтор","Завтрак,zavtrak"
Рисовая каша с тыквой на молоке,40 мин,"Круглый рис - 1 стак., Тыква - 300 гр, Вода - 2 стак., Молоко - 1 стак., Сахар - 100 гр, Сливочное масло - 50 гр, Апельсиновая цедра - 1 стол.л.",risovaya-kasha-s-tykvoi-na-moloke_1616395784_12_max.jpg,"Очень вкусно и быстро, очень легко и просто, для всей семьи! Эта рисовая каша с тыквой на молоке верится не совсем стандартным способом, с которым с первого раза справится любая хозяйка. Тыква запекается в духовке, а уже затем добавляется в тарелку с кашей. Легкий и вкусный завтрак!Юлия МАвтор","Завтрак,zavtrak"
Оладьи из кабачков с манкой,40 мин,"Кабачки - 300 гр, Яйца - 1 шт., Манка - 3 стол.л., Растительное масло - 2 стол.л., Соль - 1 чайн.л.",oladi-iz-kabachkov-s-mankoi_1614625881_16_max.jpg,"Очень быстро, очень просто, очень легко, на каждый день! Оладьи из кабачков с манкой получаются пышными, нежными и очень вкусными. Их легко готовить и жарить - просто выкладывайте кабачковую массу ложкой прямо на сковороду. Подавайте оладьи со сметаной или любым несладким соусом на завтрак!katushafinАвтор","Завтрак,zavtrak"
Кабачковая икра морковь лук томатная паста на зиму,1 ч 30 мин,"Кабачки - 2 кг, Морковь - 1 кг, Лук - 1 кг, Томатная паста - 170 гр, Уксус - 50 мл, Соль - 60 гр, Сахар - 100 гр, Перец черный молотый - 0.5 чайн.л., Растительное масло - 200 мл",kabachkovaya-ikra-s-tomatnoi-pastoi-na-zimu_1627567074_0_max.jpg,"Вкусная, нежная, низкокалорийная заготовка для всей семьи. Кабачковая икра с морковью луком и томатной пастой на зиму - находка для заботливых хозяек, которые не упустят шанса в сезон овощей запастись домашними разносолами. По желанию дополните вкус в конце варки красным острым перцем или толченым чесноком.MariaSАвтор","Ужин,uzhin"
Фаршированные перцы с рисом и овощами в духовке,1 ч,"Болгарский перец - 8 шт., Рис - 1 стак., Лук - 1 шт., Морковь - 1 шт., Фасоль стручковая зеленая - 100 гр, Кукуруза консервированая - 100 гр, Твёрдый сыр - 50 гр, Растительное масло - 2 стол.л., Перец черный молотый -  по вкусу, Соль -  по вкусу",perec-farshirovannyi-ovoschami-i-risom-v-duxovke_1626247403_16_max.jpg,"Легкий, диетический, красивый, аппетитный, на ужин! Перец, фаршированный овощами и рисом в духовке — прекрасная альтернатива для тех, кто не ест мясо или придерживается диеты. Добавление овощей делает начинку сочной и вкусной, а запекание без соуса снижает калорийность блюда.katushafinАвтор","Ужин,uzhin"
Фарш с сыром вкусно и просто,30 мин,"Фарш мясной - 400 гр, Бекон - 50 гр, Твёрдый сыр - 50 гр, Растительное масло - 1 чайн.л., Чесночный порошок - 0.5 чайн.л., Перец черный молотый -  по вкусу, Соль -  по вкусу",farsh-s-syrom-vkusno-i-prosto_1682685533_2_max.jpg,"Сочный, аппетитный и натуральный! На любой случай! Фарш с сыром вкусно и просто может стать основой для разных блюд, начиная от привычных котлет, заканчивая домашними бургерами. У готового блюда запоминающийся вкус, ведь помимо фарша в составе сыр, бекон и ароматные специи.МарияАвтор","Ужин,uzhin"
Как варить кукурузу в кастрюле в початках,1 ч,"Кукуруза - 5 шт., Растительное масло - 1 стол.л., Соль - 1 стол.л.",kak-varit-kukuruzu-v-kastrule-v-pochatkax_1724494759_8_0112h99_max.jpg,"Солнечная, сочная, вкусная. Настоящий символ лета! Сварить вкусную кукурузу в кастрюле в початках совсем просто. Самое сложное - найти подходящую кастрюлю, в которую поместятся все початки. А потом просто наслаждаться результатом.МарияАвтор","Ужин,uzhin"
Рис на сковороде рассыпчатый,30 мин,"Рис - 1 стак., Вода - 2 стак., Лук - 1 шт., Растительное масло - 30 гр, Соль -  по вкусу, Специи сухие -  по вкусу",ris-na-skovorode_1613550003_8_max.jpg,"Просто, очень вкусно, на скорую руку, на каждый день! Рассыпчатый рис на сковороде готовится из двух ингредиентов - самой крупы и лука. Идеальный гарнир на любые случаи. Хорош еще и тем, что его можно разнообразить по своему вкусу - добавляя другие овощи, грибы, зелень, приправы.Юлия МАвтор","Ужин,uzhin"
Жареная морковь с луком на сковороде,30 мин,"Морковь - 500 гр, Лук репчатый - 1 шт., Чеснок - 1 зубч., Томатная паста - 1 стол.л., Растительное масло - 3 стол.л., Соль - 0.5 чайн.л., Перец черный молотый -  по вкусу",zharenaya-morkov-s-lukom_1575625187_8_max.jpg,"Яркая, полезная, сочная. Просто и быстро. Жареная морковь с луком на сковороде хороша своей универсальностью. Её можно подавать как самостоятельное блюдо, добавлять в супы или использовать в качестве начинки для пирожков, салатов, рулетов.Анна (Anna)Автор","Ужин,uzhin"
Паста из кабачков с курицей ПП,25 мин,"Кабачки - 250 гр, Куриное филе - 120 гр, Сливки - 120 гр, Шпинат - 30 гр, Сулугуни - 30 гр, Пармезан - 15 гр, Соль -  по вкусу, Паприка -  по вкусу, Чесночный порошок -  по вкусу, Оливковое масло - 1 чайн.л.",pasta-iz-kabachkov-s-kuricei_1719475707_0_6whv3x2_max.jpg,"Оригинально и безумно вкусно - язык проглотишь! Паста из кабачков с курицей - это легкое и полезное блюдо, которое быстро готовится и идеально подходит для обеда или ужина. Спагетти из кабачка и сочная курица прекрасно сочетаются друг с другом. Попробуйте и убедитесь в этом сами!IrinaR15Автор","Ужин,uzhin"
Печень с луком на сковороде,25 мин,"Печень говяжья - 500 гр, Лук репчатый - 2 шт., Пшеничная мука - 3 стол.л., Растительное масло - 20 гр, Соль -  по вкусу, Перец черный молотый -  по вкусу",pechen-s-lukom-na-skovorode_1648062659_8_max.jpg,"Просто, быстро и очень вкусно! На каждый день! Печень с луком на сковороде получается мягкая и нежная. Делается она буквально за 25 минут. Ее можно легко дополнить разными гарнирами, например, макаронами, картофелем, отварным рисом или гречкой.Юлия МАвтор","Ужин,uzhin"
Сочные котлеты из фарша классические на сковороде,1 ч,"Фарш мясной - 700 гр, Батон - 300 гр, Молоко - 1 стак., Лук - 3 шт., Панировочные сухари - 150 гр, Соль -  по вкусу, Специи сухие -  по вкусу, Растительное масло - 50 гр",kotlety-iz-farsha-klassicheskie-na-skovorode_1573539674_10_max.jpg,"Вкусные, сытные, мягкие, на каждый день. Румяные и нежные, классические сочные котлеты из фарша на сковороде отлично подойдут на обед или ужин. Получаются они плотные и не разваливаются при жарке. Подавать котлеты можно с любым гарниром.Юлия МАвтор","Ужин,uzhin"
Баклажаны с болгарским перцем и помидорами тушеные,30 мин,"Баклажаны - 400 гр, Болгарский перец - 200 гр, Помидоры - 400 гр, Лук - 70 гр, Морковь - 130 гр, Растительное масло - 4 стол.л., Чеснок -  по вкусу, Зелень -  по вкусу, Соль -  по вкусу",baklajany-s-percem-i-pomidorami_1589954977_12_max.jpg,"Очень вкусно и полезно - пальчики оближешь! В жаркие летние дни тушёные баклажаны с болгарским перцем и помидорами послужат прекрасным вариантом для полноценного обеда или ужина, а в дни Поста рагу разнообразит ваше повседневное меню.Аля ЖемчужинкаАвтор","Ужин,uzhin"
Кабачки с помидорами и сыром в духовке запеченные,50 мин,"Кабачки - 250 гр, Помидоры - 1 шт., Болгарский перец - 1 шт., Яйца - 1 шт., Сметана - 3 стол.л., Молоко - 2 стол.л., Твёрдый сыр - 30 гр, Соль - 1 чайн.л., Перец черный молотый -  по вкусу",kabachki-zapechennye-s-pomidorami-i-syrom-v-duxovke_1573730727_8_max.jpg,"Сочно, ароматно, ярко -  легкий вкусный обед или ужин! Кабачки с помидорами и сыром запеченные в духовке подойдут как для летнего времени года, так и холодного периода. Блюдо получается очень привлекательным, домашние наверняка попросят ещё порцию. Приятного аппетита!Анна (Anna)Автор","Ужин,uzhin"
Баклажаны на сковороде с чесноком и помидорами быстро,25 мин,"Баклажаны - 400 гр, Помидоры - 400 гр, Оливковое масло - 100 гр, Базилик -  по вкусу, Чеснок - 1 зубч., Соль -  по вкусу",baklajany-na-skovorode-s-chesnokom_1601621552_11_max.jpg,"Лёгкий, ароматный, веганский овощной гарнир! Это самый вкусный рецепт быстрого приготовления жареных баклажан на сковороде с чесноком! Блюдо можно подать как основное вегетарианское, с ломтиком поджаренного хлеба или батоном. Добавьте цукини, перец или оливки, и оно заиграет новыми нотками!Аля ЖемчужинкаАвтор","Ужин,uzhin"
Паста карбонара с беконом и сливками классическая,35 мин,"Спагетти - 200 гр, Соль - 2 стол.л., Вода - 2 л, Оливковое масло - 2 стол.л., Бекон - 200 гр, Сливки - 150 мл, Яичные желтки - 1 шт., Смесь трав - 5 гр, Перец черный молотый -  по вкусу, Пармезан - 50 гр, Помидоры черри - 100 гр, Базилик -  по вкусу",pasta-karbonara-s-bekonom-i-slivkami_1660903274_1_max.jpg,"Гордость итальянской кухни в вашей тарелке. Легко и просто! Классическая паста карбонара с беконом в сливочном соусе  настолько универсальна, что подходит под любые случаи. Особенно порадует она торопливых хозяек, не желающих проводить много времени на кухне. Какие-то 20 минут, и вкусное второе готово!МарияАвтор","Ужин,uzhin"
Драники картофельные на сковороде,25 мин,"Картошка - 300 гр, Куриные яйца - 1 шт., Пшеничная мука - 40 гр, Поваренная соль -  по вкусу, Перец черный молотый -  по вкусу, Растительное масло - 2 стол.л.",jarenye-draniki-na-skovorode_1532114706_9_max.jpg,"Пышные, нежные, румяные и очень вкусные - то, что надо! Драники картофельные на сковороде получаются с нежной серединкой внутри и румяной хрустящей корочкой снаружи. Они отлично подойдут как для завтрака, так и для сытного перекуса. Никто не останется равнодушным!SnezhanaАвтор","Ужин,uzhin"
Лук с томатной пастой и морковь на сковороде,30 мин,"Морковь - 4 шт., Лук - 2 шт., Растительное масло - 4 стол.л., Томатная паста - 2 стол.л., Вода - 100 мл, Соль -  по вкусу, Сахар - 0.25 чайн.л., Перец черный молотый -  по вкусу",luk-s-tomatnoi-pastoi-i-morkov-na-skovorode_1689001164_4_max.jpg,"Универсально, быстро, вкусно, без хлопот! Проще не бывает! Лук с томатной пастой и морковь на сковороде - это блюдо, которое может быть и гарниром, и соусом или даже подаваться самостоятельно. Сделать его сможет даже начинающая хозяйка. Для этого понадобятся самые обычные продукты и немного времени.Аля ЖемчужинкаАвтор","Ужин,uzhin"
Салат из помидоров и огурцов на зиму,2 ч,"Огурцы - 1 кг, Помидоры - 3 кг, Болгарский перец - 0.5 кг, Лук репчатый - 0.5 кг, Чеснок - 7 зубч., Столовый уксус - 50 мл, Петрушка -  по вкусу, Укроп -  по вкусу, Лавровый лист -  по вкусу, Перец горошком -  по вкусу, Сахар - 3 стол.л., Соль - 2 стол.л., Растительное масло - 120 гр",salat-iz-pomidorov-i-ogurcov-na-zimu_1596460124_24_max.jpg,Такой ярки и аппетитный. Просто витаминная бомба! Салат из помидоров и огурцов на зиму в собственном соку приятно удивит своим вкусом и обязательно понравится многим! Он украсит собой любой стол в будни и праздники.Сибирячка готовитАвтор,"Салат,salad"
Салат из помидоров и лука,20 мин,"Помидоры - 400 гр, Лук - 1 шт., Зелень - 10 гр, Лимонный сок - 2 стол.л., Соль -  по вкусу, Перец черный молотый -  по вкусу",salat-iz-pomidorov-i-luka_1665508435_11_max.jpg,"Просто, сочно и очень вкусно! На каждый день! Салат из помидоров и лука готовится из минимального набора продуктов. За минимум времени вы получите отличное дополнение к шашлыку или любому другому мясному блюду. Добавляя разные специи, можно получить новый вкус.Юлия МАвтор","Салат,salad"
Битые огурцы по-китайски салат,1 ч 10 мин,"Огурцы - 399 гр, Зелёный лук - 30 гр, Зелень кинзы - 20 гр, Яблочный уксус - 20 мл, Соевый соус - 30 мл, Растительное масло - 30 мл, Имбирь - 30 гр, Чеснок - 3 зубч., Сахар - 2 чайн.л., Соль - 1 чайн.л., Перец черный молотый - 0.5 чайн.л.",bitye-ogurcy-po-kitaiski-salat_1719942234_8_q8bp836_max.jpg,"Хрустящие, в пикантном маринаде - понравятся всем! Битые огурцы по-китайски - простой, но очень вкусный салат. Отбивание огурцов способствует очень быстрому маринованию. Уже через час у вас будет сочный хрустящий ароматный салат, который можно подать самостоятельно или на гарнир.МарияАвтор","Салат,salad"
Кабачки на зиму с томатной пастой,1 ч,"Кабачки - 2 кг, Вода - 1.5 л, Томатная паста - 4 стол.л., Растительное масло - 3 стол.л., Соль - 4 чайн.л., Сахар - 6 чайн.л., Чеснок - 6 зубч., Уксус - 3 стол.л.",kabachki-na-zimu-s-tomatnoi-pastoi_1662553749_6_max.jpg,"Самая вкусная овощная заготовка на зиму! Кабачки на зиму с томатной пастой вы приготовите без особого труда. Чеснок добавит пикантную нотку. Предложите кабачки к рису, гречке и картофелю. Ко всем мясным блюдам и рыбе они подойдут так же идеально.Аля ЖемчужинкаАвтор","Салат,salad"
Салат Цезарь классический с курицей,30 мин,"Салат айсберг - 400 гр, Куриное филе - 280 гр, Помидоры черри - 10 шт., Батон - 220 гр, Пармезан - 100 гр, Чеснок - 2 зубч., Растительное масло - 1 стол.л., Соль -  по вкусу, Перец черный молотый -  по вкусу, Оливковое масло - 60 мл, Яйца - 1 шт., Горчица - 2 чайн.л., Сахар - 1 чайн.л.",salat-cezar-klassicheskii-s-kuricei_1611309331_16_max.jpg,"Оригинальный, классический, вкусный, по любому поводу! Салат Цезарь классический с курицей названный так совсем не в честь римского императора, а по имени шеф-повара Цезаря Кардини, который, по легенде, накормил однажды голливудских актеров салатом из того, что было. Теперь он и на вашем столе!katushafinАвтор","Салат,salad"
Баклажаны жареные в крахмале хрустящие в кисло-сладком соусе,20 мин,"Баклажаны - 500 гр, Лук репчатый - 1 шт., Болгарский перец - 1 шт., Перец чили - 1 шт., Чеснок - 2 зубч., Крахмал - 4 стол.л., Соевый соус - 50 мл, Мёд - 1 стол.л., Растительное масло - 3 стол.л., Кунжут - 1 чайн.л., Зелень кинзы -  по вкусу",baklajany-v-kislo-sladkom-souse-po-kitaiski_1633241941_23_max.jpg,"Ароматные, пикантные, невероятно вкусные! Просто и быстро! Хрустящие баклажаны, жареные в крахмале в кисло-сладком соусе, - это бесподобно аппетитная овощная закуска, которую можно подать как к семейному ужину, так и на праздничный стол. Их яркий контрастный вкус мало кого оставит равнодушным.Наталья ЦибульскаяАвтор","Салат,salad"
Салат с хрустящими баклажанами и помидорами по грузински,40 мин,"Баклажаны - 1 шт., Помидоры - 2 шт., Творожный сыр - 60 гр, Соус чили - 2 стол.л., Мята - 8 гр, Зелень кинзы - 8 гр, Базилик - 8 гр, Оливковое масло - 2 стол.л., Кунжутное масло - 2 стол.л., Крахмал - 2 стол.л., Семечки подсолнечника - 1 стол.л., Кунжут - 1 чайн.л., Растительное масло - 250 мл",salat-s-xrustyashchimi-baklajanami-i-pomidorami-po-gruzinski_1608568377_11_max.jpg,"Полезно, вкусно и просто! Салат и отличный гарнир к мясу. Необычный, легкий в приготовлении грузинский салат с хрустящими баклажанами и помидорами подойдет тем, кто любит салаты без майонеза. Жареные во фритюре баклажаны, спелые помидоры, зелень и интересная заправка - мечта гурмана.МарияАвтор","Салат,salad"
Салат с жареными баклажанами и помидорами,40 мин,"Баклажаны - 400 гр, Помидоры - 300 гр, Болгарский перец - 200 гр, Лук - 1 шт., Чеснок - 2 зубч., Зелень -  по вкусу, Соевый соус - 1 стол.л., Яблочный уксус - 2 стол.л., Соль -  по вкусу, Растительное масло - 30 мл",salat-s-jarenymi-baklajanami-i-pomidorami_1652120042_4_max.jpg,"Потрясающе вкусный в тёплом виде и неповторим в охлаждённом! Салат с жареными баклажанами и помидорами, с хрустящими брусочками болгарского перца - это всегда выигрышное и неповторимо вкусное сочетание! Подходит на перекус, на ужин и на праздничный стол.Аля ЖемчужинкаАвтор","Салат,salad"
Салат из помидоров с огурцом и луком,15 мин,"Огурцы - 2 шт., Помидоры - 2 шт., Лук - 1 шт., Укроп - 10 гр, Растительное масло - 2 стол.л., Соль - 0.5 чайн.л., Перец черный молотый -  по вкусу",salat-iz-pomidorov-s-ogurcom-i-lukom_1613988871_7_max.jpg,"На скорую руку, очень вкусный, свежий, летний, яркий! Салат из помидоров с огурцом и луком без майонеза освежит любой стол. Его можно подавать в дополнение к мясным, рыбным блюдам или сам по себе. Делается он за считанные минуты, насыщен витаминами, вкусно!MariaSАвтор","Салат,salad"
Салат Мимоза с рыбными консервами и картошкой классический,2 ч,"Сардины консервированные - 300 гр, Майонез - 200 гр, Твёрдый сыр - 100 гр, Яйца - 4 шт., Картошка - 2 шт., Морковь - 2 шт., Укроп - 10 гр, Соль -  по вкусу",salat-mimoza_1628852402_1_max.jpg,Самый вкусный и красивый - произведет фурор! Классический салат Мимоза с рыбными консервами и картошкой - один из самых популярных салатов на протяжении нескольких десятилетий. Без него не обходится ни один праздник. Нежный и гармоничный вкус салата никого не оставляет равнодушным.МарияАвтор,"Салат,salad"
Салат огурец помидор перец болгарский,10 мин,"Помидоры - 2 шт., Огурцы - 1 шт., Болгарский перец - 1 шт., Оливки - 3 стол.л., Лук - 1 шт., Оливковое масло - 4 стол.л., Листья салата - 5 шт., Соль -  по вкусу, Зелень -  по вкусу, Специи сухие -  по вкусу",salat-ogurec-pomidor-perec-bolgarskii_1655364180_5_max.jpg,"Летний, свежий, сочный и потрясающе вкусный! Салат из помидоров, огурца и болгарского перца - это море витаминов в одной тарелке! Простой в приготовлении и невероятно полезный, из сезонных овощей. Его можно приготовить в виде лёгкого перекуса в летние дни или предложить к мясу, картофелю.Аля ЖемчужинкаАвтор","Салат,salad"
Салат зимний классический с колбасой,50 мин,"Картошка - 1 шт., Морковь - 1 шт., Вареная колбаса - 150 гр, Яйца - 2 шт., Маринованные огурцы - 2 шт., Зелёный горошек - 80 гр, Соль -  по вкусу, Майонез - 2 стол.л.",salat-zimnii-klassicheskii-s-kolbasoi_1683963310_4_max.jpg,"Популярный, любимый - ни одного праздника без него! Салат зимний классический с колбасой – один из самых известных в советские времена. Этот салат и сейчас востребован многими хозяйками. Невероятно вкусный, из простых продуктов, он подойдет и для праздничного застолья, и для семейного обеда.ЮлияАвтор","Салат,salad"
Салат с жареными помидорами,20 мин,"Помидоры - 100 гр, Листья салата - 50 гр, Сахар - 1 чайн.л., Оливковое масло - 1 чайн.л., Соль -  по вкусу, Йогурт - 50 мл, Горчица зернистая - 1 чайн.л., Чеснок - 1 зубч., Перец черный молотый -  по вкусу",salat-s-jarenymi-pomidorami_1652333245_0_max.jpg,"Отличное дополнение к стейкам и бифштексам! Легкий салат с жареными помидорами и зеленью, с интересной йогуртово-горчичной заправкой - это непередаваемо вкусно! Подходит худеющим, постящимся и тем, кто любит простые быстрые, доступные и вкусные блюда.МарияАвтор","Салат,salad"
Салат из баклажанов болгарского перца и помидоров с чесноком,15 мин,"Баклажаны - 1 шт., Болгарский перец - 130 гр, Помидоры - 230 гр, Лук - 30 гр, Растительное масло - 3 стол.л., Лимоны - 0.5 шт., Чеснок - 2 зубч., Сахар - 0.5 десерт.л., Соль -  по вкусу, Петрушка -  по вкусу, Перец черный молотый -  по вкусу, Перец красный молотый -  по вкусу",salat-iz-baklajanov-i-bolgarskogo-perca_1590587558_16_max.jpg,"Невероятно яркий и вкусный салат из синеньких! Салат из баклажанов болгарского перца помидоров с чесноком это необыкновенно сочное сочетание!  Добавьте спелые мясистые помидоры для сочности, немного зелени, молотых перцев и насладитесь потрясающе - вкусным салатом!Аля ЖемчужинкаАвтор","Салат,salad"
Салат из жареных баклажанов с чесноком,40 мин,"Оливки - 150 гр, Баклажаны - 2 шт., Болгарский перец - 2 шт., Чеснок - 1 зубч., Зелень кинзы - 10 гр, Винный уксус белый - 1 стол.л., Оливковое масло - 30 мл, Сахар - 0.5 чайн.л., Перец черный молотый -  по вкусу, Соль -  по вкусу",salat-iz-jarenyx-baklajanov_1515347458_1_max.jpg,"Изумительно вкусный и сочный - покорит с первого раза! Салат из жареных баклажанов с чесноком готовится быстро, просто и без лишних хлопот. Он подойдёт и в качестве дополнения к будничному обеду и ужину, и для подачи на праздничный стол. Насыщенный вкус салата понравится всем любителям баклажанов!МарияАвтор","Салат,salad"
Бенто торт корейский,1 д,"Пшеничная мука - 260 гр, Яйца - 6 шт., Сахар - 440 гр, Сливочное масло - 35 гр, Молоко - 20 мл, Разрыхлитель - 10 гр, Ванилин -  по вкусу, Соль -  по вкусу, Какао - 60 гр, Кефир - 100 гр, Растительное масло - 40 гр, Вода - 125 мл, Сода - 1 чайн.л., Вишня - 150 гр, Кукурузный крахмал - 3 чайн.л., Клубника - 75 гр, Сливки жирные - 420 гр, Арахис - 50 гр, Сгущенное молоко - 50 гр, Сливочный сыр - 1100 гр, Темный шоколад - 30 гр, Сахарная пудра - 170 гр",bento-tort-koreiskii_1655703315_2_max.jpg,"Самый модный, красивый, оригинальный, на праздник! Бенто торт корейский — последнее веяние кондитерской моды. Это торты маленького размера, на одного-двух человек, но сделанные по всем правилам — с бисквитом, начинкой и кремом. Украшаются они нарочито небрежно и упаковываются в коробки.katushafinАвтор","Десерт,desert"
Торт цифра 8,1 д,"Яйца - 4 шт., Сливочное масло - 200 гр, Сахар - 320 гр, Пшеничная мука - 750 гр, Мёд - 100 гр, Соль - 1 гр, Сода - 1 чайн.л., Сливки жирные - 700 гр, Творожный сыр - 600 гр, Сахарная пудра - 6 стол.л., Ягоды - 200 гр, Конфеты - 200 гр, Шоколад - 40 гр, Конфитюр - 100 гр",tort-cifra-8_1584389030_19_max.jpg,"Красивый, эффектный, яркий, очень вкусный и нежный. Торт Цифра 8 из медовых коржей станет настоящим украшением любого чаепития и создаст праздничную атмосферу. Теста из указанного количества ингредиентов хватит на три торта, состоящих из трёх слоев и длиной цифры примерно 20-22 см.Юлия МАвтор","Десерт,desert"
Торт Цветок,1 д,"Яйца - 6 шт., Сахар - 280 гр, Разрыхлитель - 0.3 чайн.л., Пшеничная мука - 110 гр, Кукурузный крахмал - 85 гр, Сметана - 450 гр, Ванильный сахар - 12 гр, Молоко - 500 мл, Сливочное масло - 200 гр, Пищевой краситель - 0.2 гр",tort-cvetok_1657479380_33_max.jpg,"Оригинальный, красивый, нежнейший, праздничный! Торт Цветок можно сделать из любых коржей: песочных, медовых или, как в этом рецепте, бисквитных. Этот яркий, очень вкусный десерт с интересным оформлением украсит любой праздник. Особенно хорош для детского чаепития!ЮлияАвтор","Десерт,desert"
Творожный торт с творожным кремом,2 ч,"Творог - 650 гр, Сахар - 2 стак., Яйца - 2 шт., Пшеничная мука - 3 стак., Сода - 1 чайн.л., Разрыхлитель - 1 чайн.л., Соль -  по вкусу, Сметана - 200 гр, Сливочное масло - 100 гр, Лимонная цедра -  по вкусу",tvorojnyi-tort-s-tvorojnym-kremom_1704379850_2_max.jpg,"Мягкий, нежный и безумно вкусный. Это просто сказка! Творожный торт с творожным кремом очень просто готовится из самых доступных продуктов. Кусочек такого великолепного торта отлично завершит праздничную трапезу и надолго запомнится вашим гостям.ЭльвиrаАвтор","Десерт,desert"
Торт Тирамису из печенья с маскарпоне классический,20 мин,"Печенье савоярди - 200 гр, Кофе - 0.1 л, Алкоголь - 6 стол.л., Маскарпоне - 500 гр, Яйца - 4 шт., Сахар - 6 стол.л.",tort-tiramisu-iz-pechenya-s-maskarpone-klassicheskii_1643347540_2_max.jpg,"Просто, быстро, очень вкусно, просто тает во рту! Торт Тирамису из печенья с маскарпоне классический —  это самый известный итальянский десерт, который не нужно печь. В нем сочетается сладость сливочного крема и горькая нотка кофе. Он украсит любой день и даже праздничное застолье.katushafinАвтор","Десерт,desert"
Торт Медовик заварной классический,1 д,"Сливочное масло - 150 гр, Мёд - 80 гр, Яйца - 3 шт., Сахар - 180 гр, Пшеничная мука - 390 гр, Сода - 1 чайн.л., Соль - 1 гр, Сметана - 800 гр, Сгущенное молоко - 300 гр, Лимонный сок - 2 стол.л.",tort-medovik-zavarnoi-klassicheskii_1616864229_19_max.jpg,"Наивкуснейший, из простых продуктов, на праздничный стол! Торт Медовик заварной классический ароматный настолько, что пока вы будете его делать, восхитительный запах будет стоять по всей квартире. Получается он кисло-сладким за счет сметанного крема. Любой праздник с ним будет удачным!Юлия МАвтор","Десерт,desert"
Зебра торт классический советского времени,1 ч,"Пшеничная мука - 300 гр, Сахар - 200 гр, Яйца - 3 шт., Сметана - 400 гр, Сливочное масло - 30 гр, Какао - 3 стол.л., Разрыхлитель - 12 гр, Соль -  по вкусу, Ванилин -  по вкусу",klassicheskii-tort-zebra_1617083312_15_max.jpg,"Очень вкусно, из простых продуктов, праздник каждый день! Классический советский торт Зебра наверняка знаком многим с детства. Это знаменитый советский торт-кекс, с шоколадным ароматом, полосатый внутри. Он настолько красив в разрезе, что не требует дополнительных украшений. А как легко его готовить!katushafinАвтор","Десерт,desert"
Торт Зебра в духовке на кефире,1 ч 30 мин,"Пшеничная мука - 320 гр, Сахар - 250 гр, Кефир - 250 мл, Сливочное масло - 200 гр, Яйца - 3 шт., Какао - 1 стол.л., Вода - 1 стол.л., Сода - 1 чайн.л.",tort-zebra-v-duxovke_1617424899_17_max.jpg,"Из простых продуктов, очень легко, вкусно, красиво! Торт Зебра в духовке на кефире настолько эффектно выглядит в разрезе, что ему не требуется никаких дополнительных украшений. А продукты для него почти всегда у вас под рукой. И для их смешивания даже миксер не нужен!МарияАвтор","Десерт,desert"
Торт с творожным сыром и сливками,2 ч,"Печенье - 150 гр, Сливочное масло - 80 гр, Творожный сыр - 450 гр, Сливки - 200 мл, Сахар - 80 гр, Вода - 50 мл, Сахарная пудра - 60 гр, Яичные желтки - 3 шт., Лайм - 1 шт., Желатин - 2 стол.л.",tort-s-tvorojnym-syrom_1613935244_20_max.jpg,"Красивый, оригинальный, а сделать - проще простого! Торт с творожным сыром и сливками вы сделаете без особых проблем. Приготовление начинки займет время, но процесс готовки доступный даже новичкам. Украсить торт можно по своему вкусу: глазурью, кокосовой стружкой, свежими ягодами и фруктами.МарияАвтор","Десерт,desert"
Знаменитый Торт Проще простого на скорую руку,1 ч,"Сгущенное молоко - 400 гр, Пшеничная мука - 3 стак., Куриные яйца - 3 шт., Сода - 0.5 чайн.л., Уксус - 1 чайн.л., Сахар - 1.5 стак., Молоко - 0.5 л, Ванильный сахар - 20 гр, Сливочное масло - 200 гр",znamenityi-tort-proshche-prostogo_1590167002_44_max.jpg,"Без выпечки, на сковороде, быстрый и вкусный! Знаменитый Торт Проще простого на скорую руку понравится тем, кто хочет чтобы десерт не требовал от вас много сил, умений и времени. Коржи для него пекутся не в духовке, а с заварным кремом справится даже новичок!katushafinАвтор","Десерт,desert"
Торт Бабочка,6 ч,"Темный шоколад - 50 гр, Пищевой краситель - 10 гр, Какао - 2 стол.л., Кондитерская посыпка - 15 гр, Яйца - 7 шт., Сахар - 7 стол.л., Пшеничная мука - 7 стол.л., Крахмал - 1 стол.л., Разрыхлитель - 1 чайн.л., Ром - 1 стол.л., Лимонная цедра - 3 стол.л., Сливки - 350 мл, Творог - 600 гр, Молоко - 100 мл, Желатин - 3 стол.л., Сахарная пудра - 250 гр, Клубника - 250 гр, Бананы - 2 шт., Вода - 200 мл, Соль - 0.5 чайн.л., Ванильный сахар - 1 пак., Лимонная кислота - 0.5 чайн.л., Яичные белки - 5 шт.",tort-babochka_1467744899_1_max.jpg,"Очень красивый, праздничный, бесподобно вкусный и нежный. Торт Бабочка - это настоящее произведение кулинарного искусства! Его оригинальный вид привлечёт всеобщее внимание, а потрясающий вкус никого не оставит равнодушным. В торте идеально сочетаются нежный бисквит, два вида крема и свежие фрукты и ягоды.ИннаАвтор","Десерт,desert"
Торт Сказка по ГОСТу,1 д,"Яйца - 6 шт., Пшеничная мука - 180 гр, Сахар - 550 гр, Вода - 100 мл, Коньяк - 2 стол.л., Молоко - 250 мл, Яичные желтки - 4 шт., Сливочное масло - 400 гр, Ванилин - 1 гр, Какао - 1 чайн.л., Пищевой краситель - 5 гр",tort-skazka-po-gostu_1612096640_20_max.jpg,"Классика на все времена - вкус, который знает каждый! Торт Сказка по ГОСТу будет кстати на любом празднике, ведь его неповторимый вкус пленяет раз и навсегда. Бисквитные коржи, пропитанные коньяком и нежнейший крем создают просто божественно вкусное сочетание!Юлия МАвтор","Десерт,desert"
Торт Наполеон классический с заварным кремом,3 ч 30 мин,"Яйца - 4 шт., Вода - 150 мл, Столовый уксус - 1 стол.л., Соль - 0.75 чайн.л., Сливочное масло - 330 гр, Пшеничная мука - 450 гр, Сахар - 170 гр, Молоко - 750 мл, Ванильный сахар - 7 гр, Кукурузный крахмал - 50 гр",tort-napoleon-klassicheskii-s-zavarnym-kremom_1706932865_41_max.jpg,"Этот чудесный десерт соблазнит любого. Устоять невозможно! Торт Наполеон с заварным кремом – классический вариант популярного десерта. Хрустящие слоеные коржи, пропитываясь, становятся мягкими и превращаются в настоящее лакомство. Если вы еще не пробовали эту вкусноту, советую приготовить.ЮлияАвтор","Десерт,desert"
Торт Наполеон из готового слоеного теста,3 ч,"Слоёное тесто - 800 гр, Сгущенное молоко - 250 гр, Сливочное масло - 200 гр, Сметана - 200 гр, Сахар - 140 гр, Ванильный сахар - 1 стол.л.",napoleon-tort-iz-gotovogo-sloenogo-testa_1609928904_17_max.jpg,"Вкусно, просто, недорого. Когда гости на пороге! Торт Наполеон из готового слоеного теста - настоящая выручалочка для тех, кто обожает Наполеон, но не любит возиться с тестом, раскаткой и выпечкой коржей. Из готового слоеного теста получаются замечательные коржи, А крем у нас нежным и воздушный.МарияАвтор","Десерт,desert"
Торт из печенья и сгущенки без выпечки,1 ч,"Печенье - 200 гр, Сметана - 250 гр, Вареная сгущенка - 300 гр, Грецкие орехи - 100 гр, Горький шоколад - 75 гр, Сливочное масло - 50 гр",tort-iz-pechenya-i-sgushchenki-bez-vypechki_1611049477_12_max.jpg,"Вкусно, быстро, шоколадно и недорого! Когда гости на пороге. Печенье Рыбки просто отлично подходят для Торта из печенья и сгущенки без выпечки. Благодаря небольшой форме рыбки очень хорошо впитывает крем, не размокает, хорошо склеивается. Получаются аккуратные, красивые в разрезе и вкусные тортики.МарияАвтор","Десерт,desert"
Классическая окрошка с колбасой,30 мин,"Картошка - 2 шт., Яйца - 3 шт., Вареная колбаса - 300 гр, Огурцы - 1 шт., Зелёный лук - 200 гр, Укроп - 100 гр, Квас - 1.5 л, Соль -  по вкусу",klassicheskaya-okroshka-s-kolbasoi_1613476236_11_max.jpg,"На скорую руку, вкусно, легко, полезно - на каждый день! Классическую окрошку с колбасой вы приготовите максимум за 30 минут. Состав продуктов можно изменять под свои предпочтения, делать заливку не только на квасе, но и на кефире, сыворотке, йогурте. Лучший холодный суп в летний сезон!katushafinАвтор","Суп,sup"
Свекольник на кефире классический холодный суп,1 ч 30 мин,"Свекла - 250 гр, Огурцы - 2 шт., Яйца - 2 шт., Укроп - 50 гр, Петрушка - 25 гр, Кефир - 0.5 стак., Горчица - 1 чайн.л., Соль - 0.25 чайн.л.",svekolnik-na-kefire-klassicheskii-xolodnyi-sup_1587972487_9_max.jpg,"Освежающий, яркий, лёгкий, очень аппетитный. Свекольник на кефире классический холодный суп - это блюдо русской кухни из простых и доступных продуктов. В летний знойный день он насытит и освежит одновременно. Для большей прохлады в свекольник можно добавить кусочки льда.Анна (Anna)Автор","Суп,sup"
Бульон грибной,30 мин,"Шампиньоны - 250 гр, Вода - 1.5 л, Лук - 1 шт., Морковь - 1 шт., Стебель сельдерея -  по вкусу, Лавровый лист - 1 шт., Перец горошком - 5 шт., Соль -  по вкусу, Куриные яйца - 1 шт., Зелень -  по вкусу",bulon-gribnoi_1615889462_17_max.jpg,"Легкий, простой, аппетитный, диетический! Грибной бульон очень ароматен, вкусен и низкокалориен. Его легко и быстро готовить. Из такого бульона можно сварить суп, а можно использовать его для приготовления всевозможных соусов, заправок и вторых блюд.wellaАвтор","Суп,sup"
Солянка сборная мясная классическая,3 ч,"Ветчина - 200 гр, Копченая колбаса - 200 гр, Оливки - 100 гр, Корнишоны - 100 гр, Каперсы - 50 гр, Вода - 3 л, Говядина - 600 гр, Копченые ребрышки - 300 гр, Лук - 2 шт., Лавровый лист - 2 шт., Душистый перец - 3 шт., Соль -  по вкусу, Томатная паста - 2 стол.л., Растительное масло - 2 стол.л., Сливочное масло - 1 стол.л., Лимоны - 1 шт., Сметана - 1 стол.л., Петрушка -  по вкусу",solyanka-sbornaya-myasnaya-klassicheskaya_1624351962_26_max.jpg,"Вкуснее, чем в ресторане! Легко, просто, ярко, красиво! Классическая сборная мясная солянка делается из нескольких видов мяса и оставляет незабываемые впечатления. Ее можно подать для воскресного обеда и на праздничный стол. Будьте уверены - гости обязательно попросят добавки!МарияАвтор","Суп,sup"
Рассольник классический с перловкой и солеными огурцами,45 мин,"Перловка - 0.5 стак., Соленые огурцы - 2 шт., Морковь - 1 шт., Лук - 1 шт., Чеснок - 1 зубч., Стебель сельдерея -  по вкусу, Картошка - 2 шт., Бульон - 2.5 л, Томатная паста - 100 гр, Соль -  по вкусу, Перец -  по вкусу, Зелень -  по вкусу",rassolnik-s-perlovkoi-klassicheskii_1552741959_13_max.jpg,"Ароматный, сытный, вкусный - удовольствие в каждой ложке! Рассольник классический с перловкой и солеными огурцами - суп знакомый всем с детства. Это отличный вариант первого блюда для всей семьи на обед. Приготовьте такой рассольник, и вся семья будет довольна!Анна (Anna)Автор","Суп,sup"
Солянка с капустой и грибами на зиму в банки,3 ч,"Капуста белокочанная - 3 кг, Морковь - 500 гр, Лук репчатый - 500 гр, Грибы - 1.5 кг, Уксус - 0.25 стак., Подсолнечное масло - 0.25 л, Соль - 1 стол.л., Сахар - 0.5 стак., Томатный соус - 250 гр, Лавровый лист -  по вкусу, Перец горошком -  по вкусу",solyanka-s-gribami-i-kapustoi-v-banki-na-zimu_1616932412_10_max.jpg,"Универсальная заготовка для всей семьи - быстро и просто! Солянка с грибами и капустой в банки на зиму - хорошее сочетание вкуса и пользы. Блюдо можно есть само по себе, как горячее или холодное, как закуску, добавлять в другие кушанья. Откроешь зимой такую баночку, и ужин готовить не надо!RopotushkaАвтор","Суп,sup"
Шурпа в казане на костре из говядины,2 ч,"Говядина - 1 кг, Лук - 3 шт., Помидоры - 400 гр, Картошка - 6 шт., Кукуруза - 1 шт., Болгарский перец - 2 шт., Морковь - 2 шт., Перец чили -  по вкусу, Базилик - 0.5 чайн.л., Зира - 0.5 чайн.л., Растительное масло - 5 стол.л., Зелень -  по вкусу, Чеснок -  по вкусу, Соль -  по вкусу",shurpa-v-kazane-na-kostre-iz-govyadiny_1657345520_22_max.jpg,"Самое оригинальное блюдо на первое и второе - два в одном! Шурпа из говядины в казане на костре получается наваристой, сытной, с тонким ароматом костра. Ею можно сытно накормить целую дюжину голодных мужчин! Можете заменять овощи в этом блюде на любые сезонные.Аля ЖемчужинкаАвтор","Суп,sup"
Классическая окрошка на квасе с колбасой,40 мин,"Колбаса - 200 гр, Картошка - 4 шт., Огурцы - 2 шт., Яйца - 4 шт., Редиска - 8 шт., Зелёный лук - 40 гр, Укроп -  по вкусу, Сметана - 200 гр, Квас - 1.5 л, Соль -  по вкусу",klassicheskaya-okroshka-na-kvase_1616482243_12_max.jpg,"Вкусная, легкая, простая, самая лучшая среди холодных супов! Окрошка на квасе с колбасой спасет вас от зноя в самый жаркий день. Без разницы, готовите вы ее классическим способом или по семейному рецепту. Сочная, свежая, яркая - любое лето с нею становится ярче!Аля ЖемчужинкаАвтор","Суп,sup"
Тыквенный суп пюре классический из тыквы со сливками,20 мин,"Тыква - 500 гр, Сливки - 300 мл, Морковь - 1 шт., Лук - 1 шт., Чеснок - 3 зубч., Сливочное масло - 50 гр, Растительное масло - 20 мл, Соль -  по вкусу, Перец -  по вкусу",tykva-so-slivkami-sup-pure_1550495506_9_max.jpg,"Ароматный, нежный, бархатистый. Идеальное исполнение! Тыквенный суп пюре классический из тыквы со сливками имеет насыщенный приятный вкус. Хрустящие гренки его замечательно дополнят. Это блюдо можно подать и детям и взрослым.Анна (Anna)Автор","Суп,sup"
Рассольник из свежих огурцов с перловкой,1 ч 5 мин,"Перловка - 3 стол.л., Картошка - 350 гр, Лук - 1 шт., Морковь - 1 шт., Помидоры - 1 шт., Огурцы - 1 шт., Растительное масло - 3 стол.л., Зелень -  по вкусу, Вода - 1 л, Соль -  по вкусу",rassolnik-iz-svejix-ogurcov-s-perlovkoi_1588411158_17_max.jpg,"Питательный, густой, невероятно вкусный. Рассольник из свежих огурцов с перловкой - это необычная вариация классического первого блюда. Свежие огурцы придают супу свежесть и очень интересную нотку. Такой рассольник можно сварить как на бульоне, так и на обычной воде.Аля ЖемчужинкаАвтор","Суп,sup"
Суп Харчо классический с рисом,2 ч 20 мин,"Вода - 2.5 л, Говядина - 400 гр, Помидоры - 3 шт., Чеснок - 2 зубч., Лук - 1 шт., Стебель сельдерея - 1 шт., Рис - 4 стол.л., Зелень -  по вкусу, Душистый перец - 5 шт., Базилик - 0.5 чайн.л., Паприка - 0.5 чайн.л., Хмели-сунели - 0.5 чайн.л., Перец чили -  по вкусу, Соль -  по вкусу",sup-xarcho-s-risom_1506002531_11_max.jpg,"Готовь знаменитое первое блюдо легко и просто! По этому рецепту получается классический суп харчо с говядиной и рисом - вкусный, наваристый, сытный суп по-грузински. Его густоту можно изменять, подливая воду. Также его можно варить с разными видами мяса.МарияАвтор","Суп,sup"
Грибной суп из лесных грибов,1 ч 30 мин,"Картошка - 2 шт., Морковь - 1 шт., Лук - 1 шт., Чеснок - 1 зубч., Сливочное масло - 50 гр, Вермишель - 30 гр, Лесные грибы - 400 гр",sup-lesnoi_1568101782_9_max.jpg,"Ароматный и очень аппетитный. Невозможно оторваться! Грибной суп из лесных грибов получается густой и сытный, с насыщенным вкусом. Его потрясающий аромат соберет за столом всю семью и привнесёт уюта и тепла в повседневную трапезу.Анна (Anna)Автор","Суп,sup"
Грибовница из замороженных грибов,50 мин,"Замороженные грибы - 400 гр, Картошка - 500 гр, Бульон - 1300 мл, Лук - 50 гр, Морковь - 80 гр, Растительное масло - 3 стол.л., Соль -  по вкусу, Зелень -  по вкусу",gribovnica-iz-zamorojennyx-gribov_1590042920_11_max.jpg,"Очень вкусно, ароматно и сытно, на каждый день! Грибовница из замороженных грибов - это простое, повседневное  первое блюдо, которое под силу даже неопытной хозяйке. Его можно делать из абсолютно любых грибов. Вашим близким такой наваристый суп обязательно понравится.Аля ЖемчужинкаАвтор","Суп,sup"
Борщ с помидорами,1 ч,"Курица - 600 гр, Картошка - 3 шт., Капуста - 200 гр, Лук - 1 шт., Морковь - 1 шт., Помидоры - 2 шт., Свекла - 1 шт., Вода - 2.5 л, Уксус - 1 стол.л., Растительное масло - 20 гр, Соль -  по вкусу, Специи сухие -  по вкусу",borsch-s-pomidorami_1663008288_1_max.jpg,"Насыщенный, вкусный и очень сытный, для всей семьи! Борщ с помидорами станет постоянным первым блюдом на вашем столе. Готовится он достаточно просто, но вкус получается просто восхитительный! Можете варить его с мясом и без, подавайте со сметаной.Юлия МАвтор","Суп,sup"
Суп из свежих белых грибов,3 ч,"Белые грибы - 500 гр, Картошка - 2 шт., Лук - 1 шт., Морковь - 1 шт., Вода - 1 л, Соль -  по вкусу, Растительное масло - 20 гр",sup-iz-svejix-belyx-gribov_1563452853_11_max.jpg,"Такой легкий и вкусный, с невероятно аппетитным ароматом! Суп из свежих белых грибов - это великолепное первое блюдо, которое с успехом разнообразит ваше обеденное меню. Его можно подать для семьи или друзей, он обязательно всем понравится.Юлия МАвтор","Суп,sup"
Абрикосовый компот из абрикосов на 3 литровую банку на зиму,1 ч,"Абрикосы - 500 гр, Сахар - 300 гр, Вода - 1.7 л",abrikosovyi-kompot-iz-abrikosov-na-zimu_1564864638_7_max.jpg,"Полезный, яркий и очень вкусный, для взрослых и детей. Сделать абрикосовый компот из абрикосов на 3 литровую банку на зиму несложно, но надо учесть некоторые нюансы, чтобы в холодное время года насладиться вкуснейшим солнечным напитком.SnezhanaАвтор","Напиток,napitok"
Компот из крыжовника мохито на зиму,1 ч,"Крыжовник - 1 стак., Сахар - 100 гр, Лимоны - 20 гр, Мята - 10 гр, Вода - 1 стак.",kompot-iz-kryjovnika-moxito_1552497945_10_max.jpg,"Такой ароматный, с легкой кислинкой. Истинное наслаждение! Компот из крыжовника мохито на зиму – это вкусный напиток, который не только хорошо утоляет жажду в летнюю жару, но и напомнит о лете в холодное время года. Если в него добавить немного рома, то получится восхитительный алкогольный коктейль.SnezhanaАвтор","Напиток,napitok"
Мохито безалкогольный,25 мин,"Газировка - 600 мл, Мята - 20 гр, Лайм - 1 шт., Лимоны - 0.5 шт., Сахар - 1 стол.л., Лед - 1 стак.",moxito-bezalkogolnyi_1683013724_0_max.jpg,"Очень вкусно, очень быстро и просто - на праздник ребенку! Безалкогольный мохито легко заменит покупной лимонад на любом детском празднике. 
Получается не хуже, чем в ресторане! Напиток освежит в жару, подарит незабываемые вкусовые впечатления, а также порадует ваших домашних и гостей.МарияАвтор","Напиток,napitok"
Домашнее вино из черноплодной рябины,30 д 1 ч 20 мин,"Черноплодная рябина - 6 кг, Сахар - 4 стак., Вода - 1 л",domashnee-vino-iz-chernoplodnoi-ryabinj_1401345341_1_max.JPG,"Удиви себя изысканным вкусом домашнего вина! Легкость приготовления
Еще один рецепт по приготовлению алкогольных напитков. На этот раз – домашнее вино из черноплодной рябины.AnyaАвтор","Напиток,napitok"
Компот из апельсинов на зиму,1 д 25 мин,"Апельсины - 4 шт., Сахар - 700 гр, Вода - 2 л, Лимоны - 0.5 шт.",kompot-iz-apelsinov-na-zimu_1555815200_10_max.jpg,"Ароматный, освежающий, яркий. Просто и быстро! Компот из апельсинов на зиму обладает насыщенным вкусом и отлично утоляет жажду в жаркий летний день. Его можно смело подавать на любом празднике, он обязательно придётся многим по вкусу.nanikiАвтор","Напиток,napitok"
Компот из винограда на зиму,1 д,"Виноград - 500 гр, Сахар - 250 гр, Вода - 2200 мл, Лимонная кислота - 0.25 чайн.л.",kompot-iz-vinograda-na-zimu_1563187364_13_max.jpg,"Ароматный, полезный, с насыщенным вкусом. Компот из винограда на зиму – очень вкусный вид консервации. Он содержит огромное количество витаминов, получается высококонцентрированным, в меру сладким, с небольшой кислинкой и очень похож на свежевыжатый сок.СИНЕГЛАЗАЯАвтор","Напиток,napitok"
Вино из красной смородины домашнее,62 д,"Красная смородина - 1 кг, Сахар - 350 гр, Вода - 500 мл",vino-iz-krasnoi-smorodiny_1573808759_11_max.jpg,"Очень вкусное, ароматное вино в домашних условиях! Домашнее вино из ягод – это чудесный напиток, обладающий неповторимым букетом вкусов. Также оно натуральное и полезное. Вино из красной смородины делают разными способами, сочетают с разными ягодами и фруктами. Остановимся на самом простом рецепте.SnezhanaАвтор","Напиток,napitok"
Компот из черной смородины на зиму на 3 литровую банку,1 ч,"Черная смородина - 400 гр, Вода - 2.6 л, Сахар - 250 гр",kompot-iz-chernoi-smorodiny-na-zimu-na-3-litrovuu-banku_1616928012_9_max.jpg,"Красивый, вкусный и очень полезный! Заготовить компот из смородины на зиму очень просто. Вкус у этого напитка гораздо насыщеннее именно из банки, а не сваренный в кастрюле. И цвет у него - очень яркий и глубокий.RopotushkaАвтор","Напиток,napitok"
Компот из черноплодной рябины на зиму,2 ч,"Черноплодная рябина - 400 гр, Лимоны - 15 гр, Сахар - 500 гр, Вода - 2.9 л",kompot-iz-ryabiny-na-zimu_1540216500_11_max.jpg,"Красивый, полезный, в меру сладкий, очень приятный на вкус. Компот из черноплодной рябины на зиму заготавливается методом горячего розлива, что значительно экономит время. Он хорош сам по себе, но ещё интереснее будет в сочетании с другими ягодами и фруктами.СИНЕГЛАЗАЯАвтор","Напиток,napitok"
Напиток лимонад из лимонов и мяты,4 ч,"Вода - 1 л, Сахар - 100 гр, Лимоны - 1 шт., Мята - 15 гр",napitok-limonad-iz-limonov-i-myaty_1654322772_13_max.jpg,"Вкусный, летний, освежающий - быстро, просто и бюджетно! Напиток лимонад из лимонов и мяты отлично утоляет жажду даже в самую лютую жару. Рецепт особенно привлекателен тем, что не содержит консервантов, красителей и прочей химии. Сделать такой дома не составит труда. А пользы будет явно больше!МарияАвтор","Напиток,napitok"
Домашнее вино из черной смородины,80 д,"Черная смородина - 1 кг, Вода - 1.5 л, Сахар - 500 гр",domashnee-vino-iz-chernoi-smorodinj_1572498937_11_max.jpg,"Натуральное, ароматное, приятное на вкус, без консервантов. Домашнее вино из черной смородины сделать совсем несложно. Необходимо лишь следовать простым правилам и соблюдать пропорции ингредиентов и чистоту посуды.SnezhanaАвтор","Напиток,napitok"
Коктейль Апероль шприц,10 мин,"Лед - 0.5 стак., Ликёр - 40 мл, Шампанское - 60 мл, Содовая - 20 мл",kokteil-aperol-shpric_1568653024_8_max.jpg,"Лёгкий, освежающий, слабоалкогольный, чуть терпкий. Коктейль Апероль шприц обладает приятным вкусом с фруктовыми и цитрусовыми нотками с едва уловимой травяной горчинкой. Сделать такой коктейль очень просто, так как он содержит всего три основных ингредиента и лёд.СИНЕГЛАЗАЯАвтор","Напиток,napitok"
Настойка из черноплодной рябины,14 д,"Черноплодная рябина - 140 гр, Водка - 300 мл, Лимонная цедра - 0.5 чайн.л.",nastoika-iz-chernoplodki_1596612280_8_max.jpg,"Настоящий русский напиток, яркий и самобытный. Настойка из черноплодной рябины имеет уникальный, ни с чем не сравнимый вкус - из-за самой ягоды (аронии). Вот и настойка на ней выделяется среди всех. Красивая, с характерным вкусом и запахом. Зимой - просто наслаждение!UnicornSteakАвтор","Напиток,napitok"
Компот из малины на зиму,30 мин,"Малина - 500 гр, Сахар - 300 гр, Вода - 1 л",kompot-iz-maliny-na-zimu_1673628676_1_max.jpg,"Вкусный и полезный. Всего из трёх ингредиентов. Компот из малины на зиму получается ароматный, красивый, с приятным насыщенным вкусом. Ягоды не подвергаются долгой термической обработке, так что сохраняют большинство витаминов, делая компот очень полезным.SnezhanaАвтор","Напиток,napitok"
Компот из клубники на зиму,30 мин,"Клубника - 700 гр, Вода - 2.3 л, Сахар - 250 гр, Лимонная кислота - 1 чайн.л.",kompot-iz-klubniki-na-zimu_1592376073_3_max.jpg,"Яркий, освежающий, ароматный, с приятной кислинкой. Компот из клубники на зиму не требует варки, так что сделать его очень просто и это не займёт много времени. Ягодный аромат и насыщенный вкус напитка холодной зимой напомнят о тёплых летних деньках.hallen-bunnyАвтор","Напиток,napitok"
